{"cameraMode":{"drawMode":0,"name":"Shaded","section":"Shading Mode"},"sceneLighting":false,"audioPlay":false,"sceneViewState":{"showFog":true,"showMaterialUpdate":false,"showSkybox":true,"showFlares":true,"showImageEffects":true,"showParticleSystems":true},"in2DMode":false,"pivot":{"x":7.539999961853027,"y":1.2799999713897706,"z":-4.699999809265137},"rotation":{"x":-0.08888126164674759,"y":0.9004225730895996,"z":-0.21921372413635255,"w":-0.3650818169116974},"size":10.192797660827637,"orthographic":false}